Batch,beneficiary,managedAmount,startTime,endTime,periods,revocable,releaseStartTime,vestingCliffTime
1,0x2cAF9ee04Df3E0B576e0c67355b70bdC247D5f9c,134505.49,1684771200,1700672400,1,2,0,0
1,0xc006Cf35503b581cF555fCdB216116B9994eaf39,110084.45,1684771200,1700672400,1,2,0,0
1,0xf1007E6F8933E5A81F8eE744388CA2d5Dd468108,92842.05,1684771200,1700672400,1,2,0,0
1,0xD1295aDb4Bad3676bF1A9bC79588fD20f3cD113A,14431.9,1684771200,1700672400,1,2,0,0
1,0x87614f268e445de76295b9fa6594A6D356C10293,95829.3,1684771200,1700672400,1,2,0,0
1,0x2d8a766467644E462c1Ae2ea416fef3770b3bc01,103788.3,1684771200,1700672400,1,2,0,0
1,0x104f1FB0D339B571E45dF9779B12977a8200bB98,70076.3,1684771200,1700672400,1,2,0,0
1,0xeD7c67cbCf0E0e57F66d5938a4278fCe3f003C0F,84030.8,1684771200,1700672400,1,2,0,0
1,0x756Bd2B7F1eDE5C98EC0E2377c7B24D122Eb5A81,72975,1684771200,1700672400,1,2,0,0
1,0x5d463bf79ac904284f2AA5D20E29375f6E541E2A,84398.65,1684771200,1700672400,1,2,0,0
1,0x74Ef377a9088F6C015258481FB698a317cF1AA48,116148.2,1684771200,1700672400,1,2,0,0
1,0x1aE3041A791b6DA149B1df9eA4A81158FB7dEa67,38122,1684771200,1700672400,1,2,0,0
1,0xA9429234A5618DdB65966F1FBDddEa9ba4E36117,117910.1,1684771200,1700672400,1,2,0,0
1,0x0135e17621dBF2DB1f6CeC76F60841Bc0a2D6fE7,131303.2,1684771200,1700672400,1,2,0,0
1,0xB42E4D735fE558a213Dfc8a5b935469B86F76c96,95270.35,1684771200,1700672400,1,2,0,0
1,0xe338631B024AFcc15aAD7c987cdA6AA09bd50Ad0,41105.4,1684771200,1700672400,1,2,0,0
1,0x665e4BC3571ebf27ea282fa4b2bE995501eC883C,87010.7,1684771200,1700672400,1,2,0,0
1,0x4Bd57E1770898bE996A42F6e8FF56b6412b5129f,24891.3,1684771200,1700672400,1,2,0,0
1,0x91Cfa5CEC080B91FcbE3f38192Ab4f9606534232,77697.9,1684771200,1700672400,1,2,0,0
1,0x0ccdECB2BB53ef352c2501DF58586F5865467f43,47397,1684771200,1700672400,1,2,0,0
1,0x5eB3EcE8e69dd56Ca8DDD065584B147Ea6436aCC,114511.6,1684771200,1700672400,1,2,0,0
1,0x269EBeee083CE6f70486a67dC8036A889bF322A9,93515.8,1684771200,1700672400,1,2,0,0
1,0xc41b384A93d1748cCc1F68dF3Dd84468c03b5C9c,112323.4,1684771200,1700672400,1,2,0,0
1,0x1BB2F039340A5f0f80e1005F8Ffb0369b3178BB0,94778.6,1684771200,1700672400,1,2,0,0
1,0xb8950c47E8B9e539601cB47A167DE8bf4Cb1289E,71696.8,1684771200,1700672400,1,2,0,0
1,0x28D5ed462246EeEbD2CA1ffc9E9f097E9AC9Af9D,105804.65,1684771200,1700672400,1,2,0,0
1,0xA930bF82635cD645f997f48f2402446D1143CCaC,101564.75,1684771200,1700672400,1,2,0,0
1,0x0688E86D628d6EBA92248992B7083D19Bb96bB9f,131397,1684771200,1700672400,1,2,0,0
1,0x5a654537db40Aa7B95966549244f57a11e235939,87257.8,1684771200,1700672400,1,2,0,0
1,0x29F731573b3acBd22A7C6023d9e3CC8EC758de42,108739.75,1684771200,1700672400,1,2,0,0
1,0xFeff9093f6b32d0e5CDDBa743b06a1FeDB87C004,82172.3,1684771200,1700672400,1,2,0,0
1,0xD014ecEca654d91c93e8Fe40e1F2F3Fd0c0b450e,81396.35,1684771200,1700672400,1,2,0,0
1,0x8b4C16217E15344e7e0073e8A72c00e434853325,101657.5,1684771200,1700672400,1,2,0,0
1,0x0Ee85C30ff1797D9F041261B88c4A58d6D68fBBf,66392.9,1684771200,1700672400,1,2,0,0
1,0x910992CDA167Fc17643C45c8b3FEB826434c7a02,133197.4,1684771200,1700672400,1,2,0,0
1,0x4527F5A129f3Ab7c88c5863F8AB9a708928Fe702,112485.8,1684771200,1700672400,1,2,0,0
1,0xf9AD5D227482e5730FbF582D137324D1db6e4869,84091.35,1684771200,1700672400,1,2,0,0
1,0xf72dE85e689D9b71318752EC518e86D28f66D531,130560.15,1684771200,1700672400,1,2,0,0
1,0x5c508Fa014A712ECB3Ef1728434C763f394cb97F,112313.95,1684771200,1700672400,1,2,0,0
1,0xA40959C40aA65C530d510cC8fb3204d1BA13997A,50920.1,1684771200,1700672400,1,2,0,0
1,0xc714A41B2C5064bebcB879b8ed367717838F4797,117784.8,1684771200,1700672400,1,2,0,0
1,0xf0E33495aFE697dbE32168bD0743ba32eBB978a3,72566.2,1684771200,1700672400,1,2,0,0
1,0xdc640590bEAde175F78071FdF1CfF8BCb0540626,70704.9,1684771200,1700672400,1,2,0,0
1,0xEDDd4EC5d3775de964416b7b9d4DA885F530f90a,27481.3,1684771200,1700672400,1,2,0,0
2,0xEdca8740873152fF30a2696Add66D1ab41882beB,14099.4,1684771200,1700672400,1,2,0,0
2,0x8BB67DDd04afF382495979dE4218f9aDbB663094,136618.3,1684771200,1700672400,1,2,0,0
2,0xBBbc5714AA1F5C35Cf8FbfCe6f0aECD696BAf012,152886.65,1684771200,1700672400,1,2,0,0
2,0x570Db47cd2768CE295e15E1a6Bf9d338C5b55B51,14777,1684771200,1700672400,1,2,0,0
2,0xeA164bB9b4Aa51C79C521145233555E762bD0007,92835.4,1684771200,1700672400,1,2,0,0
2,0xBc52cAe34108e374877C687a544BbE950aF2e7ED,33225.5,1684771200,1700672400,1,2,0,0
2,0xe8A4ee989DDD54Fe48e85d60403B06BBb5F5fe4b,133474.95,1684771200,1700672400,1,2,0,0
2,0x6E2D11e93DE193CeB3e73620e0c28042FDf34204,68346.6,1684771200,1700672400,1,2,0,0
2,0xe874771a4EF77D95fC3BaAbf41AEC30f3957b266,6415.5,1684771200,1700672400,1,2,0,0
2,0x51103269D5b01072E157aC45020dEEC8FE99a844,135893.45,1684771200,1700672400,1,2,0,0
2,0x5339B2A623B01738e290EE666Ac22B7f21b48aA0,50015.7,1684771200,1700672400,1,2,0,0
2,0x590f72C624b47Da5E5Caf001f2b223c1Dca0dDfD,109230.1,1684771200,1700672400,1,2,0,0
2,0xE6B6FB6f1E15b2045DdA52AF0C6B53e139D75C7A,80404.8,1684771200,1700672400,1,2,0,0
2,0x1B1Ef65bB57862c88Fb3Ca5aaAB8746791928485,88301.85,1684771200,1700672400,1,2,0,0
2,0xD308Ca482f5c939ff9d88A0b16fc049F033D5810,126619.15,1684771200,1700672400,1,2,0,0
2,0xAcC427Dc8534A33Fa11B9042B891467F98D48290,96771.5,1684771200,1700672400,1,2,0,0
2,0xE4012A6392527d6e24df2B90B56c3fdb3F5598be,50035.3,1684771200,1700672400,1,2,0,0
2,0xE3eA4733324BA0b9E7cee0455b0C676E8A678668,95262.3,1684771200,1700672400,1,2,0,0
2,0x573fE60DaAd999acF3F2975343c88679c73817E4,59628.24,1684771200,1700672400,1,2,0,0
2,0xE3023bF3A199fB46A99A01F8557Cb94E66581698,119376.95,1684771200,1700672400,1,2,0,0
2,0xE2c2b3f4784c6B109D1c3d02FD05db18DA6e9C28,53744.6,1684771200,1700672400,1,2,0,0
2,0x6374212F939D626B72a50D961c82b23E769C7Ad5,4389,1684771200,1700672400,1,2,0,0
2,0x23e5dF7799dF6F0E201aB10483AcFccC2136847c,141055.6,1684771200,1700672400,1,2,0,0
2,0xe05E052C652939eE861d9823A1E42A4af6751a6e,68469.8,1684771200,1700672400,1,2,0,0
2,0xDfD521fF2FaDf24C2e908c4c166CE46f5AcD76AC,97338.85,1684771200,1700672400,1,2,0,0
2,0x394f6c8989cf9690d14867301531aA529efdf53a,94138.8,1684771200,1700672400,1,2,0,0
2,0xdEd4975A4d492F841B910B22575d0553f5D58782,87822.7,1684771200,1700672400,1,2,0,0
2,0xde5f4c921f65BD540A689E8d49C8a13750E55E0B,44710.4,1684771200,1700672400,1,2,0,0
2,0x3Cd031B53A422629044ec4A1a2956dfc33810b74,91423.15,1684771200,1700672400,1,2,0,0
2,0x72727d612CD162c30f84B579662a9bDe34481aE7,7654.92,1684771200,1700672400,1,2,0,0
2,0xbda289ce345D9Ebd1D91505D02C7AA53037d5594,89824,1684771200,1700672400,1,2,0,0
2,0x5cc688704Bd00FaC6e9081cBC011810ADFcCed02,77157.5,1684771200,1700672400,1,2,0,0
2,0xDb075Cd678473dDD6D213DA85c44462F89744342,105449.05,1684771200,1700672400,1,2,0,0
2,0x2C938B6645670D61bf2Bf5E65724a2c7E80244B4,109521.65,1684771200,1700672400,1,2,0,0
2,0xD9ba6bEfdcB57E443C62c5B0D31141d80EFa73Bf,94391.15,1684771200,1700672400,1,2,0,0
2,0xD9459cc85E78e0336aDb349EAbF257Dbaf9d5a2B,6027,1684771200,1700672400,1,2,0,0
2,0xd7c93759a462e87F45ad483e48836b41603250a7,102216.52,1684771200,1700672400,1,2,0,0
2,0xfd1eCD12753e10614734d7B0B7bC0d25C2D1091b,99562.75,1684771200,1700672400,1,2,0,0
2,0x47A4C6e6ADcb15cc8E9b081Cf0c948D3228eEab6,75940.9,1684771200,1700672400,1,2,0,0
2,0x13e9B3ea5159cA4DcCef9dc2907974027d663703,71638.63,1684771200,1700672400,1,2,0,0
2,0xA7ed8019bAf210841Ad7bd05082C90E3a26d993E,100254.7,1684771200,1700672400,1,2,0,0
2,0xd7a4DFe2103D08bc4e26531589Dc774C6e02db5B,130737.25,1684771200,1700672400,1,2,0,0
3,0xd37050335E8cd79Eb759530035ab20317E82ffed,85772.4,1684771200,1700672400,1,2,0,0
3,0xD33B9DC0BE9f3292496670a4B6857a74B8fCA0AB,94411.8,1684771200,1700672400,1,2,0,0
3,0xDf610cac4f59B7Fe823E08db41afd54E091b527A,124167.4,1684771200,1700672400,1,2,0,0
3,0x08b1D2FF60e2eeAA4e0fEa29ca5643Dae7d66a0c,84475.3,1684771200,1700672400,1,2,0,0
3,0xdc7DAeF4D0751a9F6EC28b06d6d9475B13Eb0918,65317,1684771200,1700672400,1,2,0,0
3,0xd114b5934326791859C4964baa458F95C2B3B058,8463,1684771200,1700672400,1,2,0,0
3,0x72A0298D4C377C6399cC7C33D3C960c18B8508Db,71529.85,1684771200,1700672400,1,2,0,0
3,0xd0E4Bd7CbbA8B00f9187f5c953C544368bd88A36,99666.7,1684771200,1700672400,1,2,0,0
3,0xd020196c1De714Fc47B8dfcA85A1bcEFa48edb40,132120.8,1684771200,1700672400,1,2,0,0
3,0xCFD990b8297E7Ff46f8ACEF32Bec516f4395ac6b,80151.68,1684771200,1700672400,1,2,0,0
3,0x0eE8E5dFeA4315fE69a4E0fe84f50CbFce8f1021,6174.7,1684771200,1700672400,1,2,0,0
3,0xCE34E2D460771465ed2632e61fE5C4786c9Ab631,78326.5,1684771200,1700672400,1,2,0,0
3,0xdd61Da2Bfc53BF7FfD16184D76e389A6A2ab3Fc6,15340.5,1684771200,1700672400,1,2,0,0
3,0xcC875D818449Da83DEd1E08AD1B130F05dc2C127,151119.15,1684771200,1700672400,1,2,0,0
3,0xCC749Fbf724Dfea8EB364888F6e98848369a5809,100283.4,1684771200,1700672400,1,2,0,0
3,0xCBCfea96B68b829FA600B6074755445b55a6E724,111676.6,1684771200,1700672400,1,2,0,0
3,0x19C7Cacdff3d9a2ba0De0b26afFB1D61576c9091,142972.9,1684771200,1700672400,1,2,0,0
3,0x61739b1ddCD2780F68F68fEc70855e3dd199cF75,7462,1684771200,1700672400,1,2,0,0
3,0x1B2c8DaA69f8fF780c0A154fC18629aA0C230a02,103126.1,1684771200,1700672400,1,2,0,0
3,0xc8102C2354C9e0915e3E3Cb4480E0aFA08EFEf61,88268.6,1684771200,1700672400,1,2,0,0
3,0xC7C3c9586a10E4B40373F2F2f223b3A3c04CC6c6,37545.9,1684771200,1700672400,1,2,0,0
3,0xC7A45735797e0941fa264BA31Ad5b1BC72ecDB91,121549.05,1684771200,1700672400,1,2,0,0
3,0xc77b9A2aA1b2d42c4785086ebceE45e62b4a7972,103766.6,1684771200,1700672400,1,2,0,0
3,0xD722A5c2965257Dd68eCd31E2Aa12B6a53EF1a9a,37605.4,1684771200,1700672400,1,2,0,0
3,0x512832e4b2946e255bd02e2031Bb984C69726914,99082.2,1684771200,1700672400,1,2,0,0
3,0xc748b33892d6043d74be809b92a589F49700B6d7,138225.85,1684771200,1700672400,1,2,0,0
3,0x7d6770446E72201D56F5ED355434E86202207923,129486.7,1684771200,1700672400,1,2,0,0
3,0x2C131b125A8E67137C8D4558Df15015DF990487B,62468,1684771200,1700672400,1,2,0,0
3,0x9A58b7E86A0075ba21B70a48b00CBe48A8bB8BE5,70850.5,1684771200,1700672400,1,2,0,0
3,0x4e0e65230D499Ab1bB7A35e43E76B28c189676b4,125428.45,1684771200,1700672400,1,2,0,0
3,0xC0Ec1aF1d5b9eBE623b8Ac569FB571fa3f88344d,3958.5,1684771200,1700672400,1,2,0,0
3,0x8b41e43f47Eb93A166CF4d995aC02B4870910276,139177.5,1684771200,1700672400,1,2,0,0
3,0x404E3c2882Aa49779aED08E70DdAFAFa17951C58,34804.7,1684771200,1700672400,1,2,0,0
3,0xBfccB42335f163e72ECC6a0E2DE545221a0e5CBa,141708.21,1684771200,1700672400,1,2,0,0
3,0xb8CA929E2Bd96548cABcabC56CFc9A5147cef0ff,122335.85,1684771200,1700672400,1,2,0,0
3,0xB79A0513E9aa1a990CeA20141822FdC7eb9eC5FA,101022.95,1684771200,1700672400,1,2,0,0
3,0x6DD8C5252A89b58056Ac0c0BD5aDf446Fd0284D4,138382.3,1684771200,1700672400,1,2,0,0
3,0x6A9ee69B6781C18164ee9F7C58f1763BcFfC7c51,1911,1684771200,1700672400,1,2,0,0
3,0xbC18dfC6d6F95101800Be10Eb03Cb2482496f52D,100111.9,1684771200,1700672400,1,2,0,0
3,0xBBBB360cA6531147cdF36290CBa0a1d4674998F3,36130.5,1684771200,1700672400,1,2,0,0
3,0xAab132cEa7F2F7d6033AA7e89251c91F5bC5A164,93439.92,1684771200,1700672400,1,2,0,0
3,0xBAA2Fac30e43031d9d181aB1D45970c1f7Ac1B38,99462.65,1684771200,1700672400,1,2,0,0
4,0xc6d554bC6e9f21CBf460aDFE38d7a462D9A5755B,3640,1684771200,1700672400,1,2,0,0
4,0x14a13f0675eA2744D661251e7dC8B5E5824816B2,130132.45,1684771200,1700672400,1,2,0,0
4,0xB5b45aa6ffceaCAf9fd916E1719035294c4Ee783,116433.1,1684771200,1700672400,1,2,0,0
4,0x7Fb3b6d222CE75121D0edD4cE0248EC10b498b3D,106381.45,1684771200,1700672400,1,2,0,0
4,0x09e23Cd3C107F99820b3D057d0442817474CDE46,88258.1,1684771200,1700672400,1,2,0,0
4,0xB0B70F63196eAa85f13676f6Ae1BD1F9f0e737C7,54613.16,1684771200,1700672400,1,2,0,0
4,0x462F666D45c514c1dEe9b01e2eB434716F3dd0f6,24293.5,1684771200,1700672400,1,2,0,0
4,0xD81049dC880AE7E181d7A99E9B065c4Bc6e37096,115676.47,1684771200,1700672400,1,2,0,0
4,0xaFaF2B5e2Bb6eE52D257D3EAfbECdc33D73a58E4,128302.3,1684771200,1700672400,1,2,0,0
4,0xAE6E6aa47519A3A24edc467221ef67aA8CeaE170,94941,1684771200,1700672400,1,2,0,0
4,0xaE1887f6a195b69213e59A14a1b6a5dBf71EA67A,112786.1,1684771200,1700672400,1,2,0,0
4,0xA12cC007305Ab9A763158259D6C5687fC1be4C7E,103562.55,1684771200,1700672400,1,2,0,0
4,0x96afA93F429027D730996F833cE709b6f92e711f,53228,1684771200,1700672400,1,2,0,0
4,0xa9b5Da22440DEDd72535EC0525582Ca0B63bE5E1,114985.57,1684771200,1700672400,1,2,0,0
4,0xF1E25e8E3AFe119321C7A8Ebe4E4B1C67F8c3338,121557.1,1684771200,1700672400,1,2,0,0
4,0x965719d1FEcFD64456eFa46f218E31305D3A4321,85991.85,1684771200,1700672400,1,2,0,0
4,0x76bED0EC68cFAa75d66cF924B1543F7865A20808,116342.8,1684771200,1700672400,1,2,0,0
4,0xEB8e8Be162C572bB882B1feeC0a0B9EdA3D91efe,77448.7,1684771200,1700672400,1,2,0,0
4,0xA73c083a98579854DEeA4bD007187f5a1366A898,132129.55,1684771200,1700672400,1,2,0,0
4,0xa3C1Cfa7d882C8e30b62ED1D9c5C67edC5c09878,82362.35,1684771200,1700672400,1,2,0,0
4,0xF7C94Ae30F7fC5E58b45edEbe6eAEBee3bE9eAC7,110824,1684771200,1700672400,1,2,0,0
4,0xa260FCC32d493e3c5f03DF674f3A852248a9dc4A,103058.48,1684771200,1700672400,1,2,0,0
4,0xE49F474B4B9582eCE5ED8BBa3C2cB350233995d6,109518.15,1684771200,1700672400,1,2,0,0
4,0xa058fB7747219B517D11625BddEc999f4cf7eFc5,102662.35,1684771200,1700672400,1,2,0,0
4,0xf9fa1EB0172a66C4cbB62423866536a274Db7678,128239.3,1684771200,1700672400,1,2,0,0
4,0x9EA50b41B46aA1b5ba334F14193d970a443ee840,100517.2,1684771200,1700672400,1,2,0,0
4,0x9E8DecCC2ab480d677cb6A6Bf0eDbf772c01E079,12694.5,1684771200,1700672400,1,2,0,0
4,0xA1aBe898dD6aAFd6E30F274F2E00579Ae8d9a3A3,39174.1,1684771200,1700672400,1,2,0,0
4,0xF6253fE536399EE1DC5da55d09E59fd1c6f7630B,91322.35,1684771200,1700672400,1,2,0,0
4,0x9A8bE56015D32995E82745e14cB9d5Dfb0cFAC9d,79795.8,1684771200,1700672400,1,2,0,0
4,0x06100675344A3E074F6fb63Ee867d8790cD8747e,95118.1,1684771200,1700672400,1,2,0,0
4,0x981Df2F7378065303503233e04a97325e56A4448,73527.58,1684771200,1700672400,1,2,0,0
4,0xCff7E1675Ed5492D93B1dA146482670299B255DE,106239.7,1684771200,1700672400,1,2,0,0
4,0xd175bb697772C0d056E2062d8DcFa2cDf95600D2,84837.55,1684771200,1700672400,1,2,0,0
4,0x96Bd4546E8E3F01202a618BB33A2e44B4cf4792F,116473,1684771200,1700672400,1,2,0,0
4,0x9603302020F536F65CB96145DBa8Dd2EFAC546a4,94164.35,1684771200,1700672400,1,2,0,0
4,0x43594a012eE97541beEd7de2499Ef36cb3B9842c,63927.15,1684771200,1700672400,1,2,0,0
4,0x6A09422844bBC25192A15F3C909179638b4e8089,6825,1684771200,1700672400,1,2,0,0
4,0xB72ee0fceDe2645983dC74809512efa3ABE6b341,127428.35,1684771200,1700672400,1,2,0,0
4,0xeE515d9B12Dc6e05D3839A982bCeb412A483e249,89394.55,1684771200,1700672400,1,2,0,0
4,0x7d41f19267A17e15908ed950D893E26EE8Fb697E,105277.55,1684771200,1700672400,1,2,0,0
4,0xc4c451224695d375395aA98FDD64110348c2640E,122290,1684771200,1700672400,1,2,0,0
5,0xDa8E435d1659558a8813EADf36945bE8041D7374,43002.05,1684771200,1700672400,1,2,0,0
5,0x92254E03437b3733912Fd74C98f590b038E38379,123490.5,1684771200,1700672400,1,2,0,0
5,0x8f689a83Dd52EAa1D5AD6A40C46189b4A0d70b06,129834.25,1684771200,1700672400,1,2,0,0
5,0xCcB9A031f8b68d68Af74d24F3D056325C4540eB0,101158.75,1684771200,1700672400,1,2,0,0
5,0x8E80fC7b0e9Ec0b8934350B35903388db9030096,142889.6,1684771200,1700672400,1,2,0,0
5,0x8E6e4fC81Acb9cC43fb9de081cB213c1B82502Ce,26455.1,1684771200,1700672400,1,2,0,0
5,0x0De60f09C29E35C0E6Cab9060377E56cCC7A5E66,2959.32,1684771200,1700672400,1,2,0,0
5,0x081076bc1B250650F009bf802425eC4979569a59,119350.84,1684771200,1700672400,1,2,0,0
5,0x2559fb686aa1b9d070e43337a7db2DB275FEC582,0,1684771200,1700672400,1,2,0,0
5,0x9341D2cC2101787eCdf4d94C560D55d0e2720633,94467.8,1684771200,1700672400,1,2,0,0
5,0x8B0A7643F7A880Cb635A5Ed1AD96817C6eb39800,11454.8,1684771200,1700672400,1,2,0,0
5,0xc55E417aB6216c8d6CA2EC3cFd6C76bA40D24930,10891.3,1684771200,1700672400,1,2,0,0
5,0x8aC0E148492475574211C949866d0D85489F45B6,126308.7,1684771200,1700672400,1,2,0,0
5,0x8a9521d7B8e0c2DebC9764AaFaF51741b7829ecA,63011.55,1684771200,1700672400,1,2,0,0
5,0x934AA1913245B39d2bC3c50AF7D839F3c3a9952B,77928.2,1684771200,1700672400,1,2,0,0
5,0x9ca5cAD58cEb4B57fB7A5FfbE1e51D5a99FA5226,2730,1684771200,1700672400,1,2,0,0
5,0xC1b9d1e1aC7AAd95842Af30084b1e74Ad5DEEE74,138285.7,1684771200,1700672400,1,2,0,0
5,0x09efd0d038dab6aDf8436118DBD51b117B50d4F3,140033.25,1684771200,1700672400,1,2,0,0
5,0xe7DB0D2384587956ef9d47304E96236022cCE3Af,61882.1,1684771200,1700672400,1,2,0,0
5,0xFa041a74Ab4e7b4aD5b1f067C49058f592A2CE40,127318.45,1684771200,1700672400,1,2,0,0
5,0x87CE3029Ec54CD4232240a788Cf07ad910886C99,84467.6,1684771200,1700672400,1,2,0,0
5,0x3a62E8bd030c0C5cB83ea680cabE30023dd13ECC,85382.5,1684771200,1700672400,1,2,0,0
5,0x326cB2a2510F1d9d7E454EAA950F9526D95806b8,50442,1684771200,1700672400,1,2,0,0
5,0x8344016c249c05eCea4b6BD59A7B92724614FF94,144229.75,1684771200,1700672400,1,2,0,0
5,0x821318d8fEe7bc30b170716DdF6C04774ADa156A,154066.15,1684771200,1700672400,1,2,0,0
5,0xCA278cB118eb29F97BA640eBF5D0E9e405c4f849,109282.6,1684771200,1700672400,1,2,0,0
5,0x0e9Bc802Db793f7e0Ad5CC1fe107a66cC1026a58,45383.1,1684771200,1700672400,1,2,0,0
5,0x09ccaA023d2B2dAF3C23273ABDdE64ceC3a01781,101151.12,1684771200,1700672400,1,2,0,0
5,0x5389E53cF0c5582abB07F2E9e362D5f641456439,132069.7,1684771200,1700672400,1,2,0,0
5,0x809D1F262Dc5d871Eb156747BC957962993909F5,128815.75,1684771200,1700672400,1,2,0,0
5,0x80451B373f865F8143Ee6A75445228c6c097aE7e,77419.09,1684771200,1700672400,1,2,0,0
5,0xFB9A97817E3dc08c07bc50D2bAF80EAD28B44626,95984.7,1684771200,1700672400,1,2,0,0
5,0x3a5d9e242B7eF824C60F24Ac23DAa68859964543,3472.56,1684771200,1700672400,1,2,0,0
5,0x7f848049a1AE0570A03979489AdC1e035C7e557c,78296.05,1684771200,1700672400,1,2,0,0
5,0x7F3F7B7D70B510A885296f28568777CDAde8C5e6,57337,1684771200,1700672400,1,2,0,0
5,0xbFd5af9E2e50dcFeE8b80124Fd49EcB201e56a41,83100.5,1684771200,1700672400,1,2,0,0
5,0x920A9bDEfeC0AC9C97678C2178bF19430fA68e46,121339.75,1684771200,1700672400,1,2,0,0
5,0x7e5B67023c2Ce0Ab8Be438e9Ec6e36ceCD7cC573,53022.9,1684771200,1700672400,1,2,0,0
5,0x16faa6e97AeC501Eb03D692eb5751e37519cDBb3,89390,1684771200,1700672400,1,2,0,0
5,0x55F6d8f137eD4DCFe3369dceF69C8cE7D52149B9,101226.3,1684771200,1700672400,1,2,0,0
5,0xCB05D22e54Ea48Eacc744B3CBb90f9b81C6845d5,102251.8,1684771200,1700672400,1,2,0,0
5,0x7928d16De9A11BB1e9c7EbED00b65c44c96A5f86,103695.55,1684771200,1700672400,1,2,0,0
6,0x791f4Dac8Aa0bf033C7956831AEebeec82AF8f12,124942.3,1684771200,1700672400,1,2,0,0
6,0xF2608980e5499a811E61eB51E610C5a4D1D22E49,61133.8,1684771200,1700672400,1,2,0,0
6,0xC50C13d713B18F353260Ce8287118A660e5e3d7b,128951.2,1684771200,1700672400,1,2,0,0
6,0x12F7384525E552D64D11Fe0C8911D918e54E76f3,36358.7,1684771200,1700672400,1,2,0,0
6,0xf3d2BaE54313a3991b086D93576d953D0baE7241,8441.16,1684771200,1700672400,1,2,0,0
6,0x757b40f2CDd612c4D566b1f8B2c9A4Af2A862074,172316.9,1684771200,1700672400,1,2,0,0
6,0x76340a7C034195C61a04ca70c26fA40C53562925,109293.8,1684771200,1700672400,1,2,0,0
6,0x748aefb5c1C30C4a4ea963a6C49E90c00Bdca15B,77932.75,1684771200,1700672400,1,2,0,0
6,0xe272231709df60CA50D0fF29fD4694a59c9C3fA2,119096.25,1684771200,1700672400,1,2,0,0
6,0x735b85c939cA8ebD407Eca85A6580Be30E5136Cf,86371.95,1684771200,1700672400,1,2,0,0
6,0xe39D76148eFbB1947E9c92BA16ecC2B4156aF406,101639.3,1684771200,1700672400,1,2,0,0
6,0x7239B1896ad2b6A9D3aA6C4B12D8993E78fb67Dc,9700.6,1684771200,1700672400,1,2,0,0
6,0x3a52ad1a705B3e586B9595EB35319c165544D6f2,133328.65,1684771200,1700672400,1,2,0,0
6,0x70fB225898021D08511515Aa9520741ed3153143,111726.58,1684771200,1700672400,1,2,0,0
6,0x704F48f8265844AC0a2BE63c95DfE9384A862570,127976.45,1684771200,1700672400,1,2,0,0
6,0x6fb74B16645466A5F614fD80Fb04fCB07CFb4E74,67816.7,1684771200,1700672400,1,2,0,0
6,0x6f6Dd5E112e38850F6f4dd8028792b5fc9e3c667,83078.1,1684771200,1700672400,1,2,0,0
6,0x6E54595363b20a0296B1C3b430FcB4c822D00C20,107874.48,1684771200,1700672400,1,2,0,0
6,0x4da42D441842906FD882787C4EcBb9850d477c1f,115176.6,1684771200,1700672400,1,2,0,0
6,0x157391076ae1B71Eb58ED5199C8a5237C0Ba5427,125276.2,1684771200,1700672400,1,2,0,0
6,0xF1519B198DAE77C062805C58F8Abc9f67BAA6Bc8,50417.5,1684771200,1700672400,1,2,0,0
6,0x6B351C6093dEBB19Db7E8Aa6B6009e62CE05442b,141960,1684771200,1700672400,1,2,0,0
6,0xdFDC7b671148762f707F80810beB0Ed4c79b5f33,129727.5,1684771200,1700672400,1,2,0,0
6,0x2a07e7F34377370B40D499a29DF08221c7a2036A,106069.6,1684771200,1700672400,1,2,0,0
6,0x83c08193d9F5BDAEB7C36c95B93878C86fD0F2bE,74269.3,1684771200,1700672400,1,2,0,0
6,0x1b7c31284CC315E404E75d00Aecb785EE461539E,2730,1684771200,1700672400,1,2,0,0
6,0x681eEb8ac0216742c17CE83c42B8dC2C4cFb5571,136659.25,1684771200,1700672400,1,2,0,0
6,0x64b1C4F237D0882C32d9959fECbf17F66F412811,123652.55,1684771200,1700672400,1,2,0,0
6,0x65E17Ebc9fE2681560F381b5Db92DdA4c017AebD,96388.25,1684771200,1700672400,1,2,0,0
6,0x65a077ebD29e5e7eD8997a4B923Dc7dbdb7c98A3,75307.75,1684771200,1700672400,1,2,0,0
6,0x83068dcFb9D495FFc1AA44e0248cDC7f4B9957Fe,39471.6,1684771200,1700672400,1,2,0,0
6,0xb24909682Bc69f41171f107281EDDb0e26ffC75a,30299.5,1684771200,1700672400,1,2,0,0
6,0x641bcD1F80570dF8A8f2349321EC58cF6C875D06,178579.45,1684771200,1700672400,1,2,0,0
6,0xD85EEBf7C4ACcf1A3d823E83CA5E6DB5A5E9B3B1,120548.96,1684771200,1700672400,1,2,0,0
6,0x0874e792462406dc12EE96b75E52A3BdbBA3a123,52382.4,1684771200,1700672400,1,2,0,0
6,0x61C713fF1Fda089188f7B450DF224d1B96467E21,76769,1684771200,1700672400,1,2,0,0
6,0xf10e8b371FA229E35E86b5a0328e1f5077B39026,125643.7,1684771200,1700672400,1,2,0,0
6,0x585A164f4710c85e9A3811c03eC7406AB62B5474,127985.9,1684771200,1700672400,1,2,0,0
6,0xe0091f59C5b9a3D2a6d48A78A67D4E313a95B730,53558.4,1684771200,1700672400,1,2,0,0
6,0x318B7b6D66908cebBC6D49021a3525EB566b5Ee3,82392.1,1684771200,1700672400,1,2,0,0
6,0x6f76e397Bb71f99F805EE6c63b47222c5D39b162,70451.15,1684771200,1700672400,1,2,0,0
6,0x5DFAA93d504C1BeBeEf4EF9e60827f13D4200485,120596,1684771200,1700672400,1,2,0,0
7,0x8b80Bb6E30c3325D894F8291c1EE3Bf12027eEF1,73960.6,1684771200,1700672400,1,2,0,0
7,0xfeef177E6168F9b7fd59e6C5b6c2d87FF398c6FD,51978.5,1684771200,1700672400,1,2,0,0
7,0x59c63172012ED4AB5611D76313B3bcf2Da5E6298,93705.22,1684771200,1700672400,1,2,0,0
7,0x6bEc0BCA2F15876f675f2C38958Ff986551e4db1,54120.5,1684771200,1700672400,1,2,0,0
7,0xD9308E0678a9Cf1D95BAA059C4E90766bC162810,124380.2,1684771200,1700672400,1,2,0,0
7,0x44cBfC9E75C64c0d1F780B724a6f76e9a61C20d0,136631.04,1684771200,1700672400,1,2,0,0
7,0xDE043AE6074df112638cdEE0b7959BF25557cC09,117008.5,1684771200,1700672400,1,2,0,0
7,0x51EfaE535bEdaCf6bDdDf858CD86Bc060B30f6FD,130608.8,1684771200,1700672400,1,2,0,0
7,0x7e5563Bf8b96E40b1Dbf4A31Dc2C8aF5E514c1bc,105597.1,1684771200,1700672400,1,2,0,0
7,0xE66C7ebab84ed1d016Ba5659c50b59ceEEFA81d9,124098.1,1684771200,1700672400,1,2,0,0
7,0x6469B304E6FcFD18cfF24FB358c4918D41ae837C,127446.55,1684771200,1700672400,1,2,0,0
7,0x15bc580cd242f1757891F50B9a2C70213E73b97f,60458.3,1684771200,1700672400,1,2,0,0
7,0x1819ebA4F13d2693756D38Acf8D3E9aAbBD8fdB5,21773.5,1684771200,1700672400,1,2,0,0
7,0x4e2186A8b6204058E0824013B6104f67024F5d70,68747.35,1684771200,1700672400,1,2,0,0
7,0x022fcB32644e83386e1d49F8cbF6708a0FaA4470,3549,1684771200,1700672400,1,2,0,0
7,0xe34eC53F180274087f0083abeEb691875f9F1305,118625.5,1684771200,1700672400,1,2,0,0
7,0xbdf1C7049075001B860252035f5A4B52b76c5e6a,123689.3,1684771200,1700672400,1,2,0,0
7,0xCb52305c31b0a196c79eb23f2F5Fb89b805a885c,138001.5,1684771200,1700672400,1,2,0,0
7,0x7306D27272628Cf33e08656273756A803b1046F8,9975,1684771200,1700672400,1,2,0,0
7,0x480a3dC95AbB275f1533555c708be44fEc72d608,95018.14,1684771200,1700672400,1,2,0,0
7,0x466ba322AAf64BFa0979D4180aF1815067742878,108823.4,1684771200,1700672400,1,2,0,0
7,0xd2ddb211Bca4445E334d69e0A1ecD318Bc49318B,116137,1684771200,1700672400,1,2,0,0
7,0x4589849D3E00d192556f4aAf3d9D2b4ed0DBDEf0,93434.6,1684771200,1700672400,1,2,0,0
7,0x77284E54A5f7C00e511D855B267e859842dDCCa9,123414.55,1684771200,1700672400,1,2,0,0
7,0x2dAb77D1B2C26Bd2eA2E3a64AB3abbFa05278906,17972.5,1684771200,1700672400,1,2,0,0
7,0xEeB22b8dA7FC62b546A98f7898f868b52590e251,61421.5,1684771200,1700672400,1,2,0,0
7,0x65B0d99D2D3bc6bFBfccFc4a17DCD77c1EB8d5D6,107896.95,1684771200,1700672400,1,2,0,0
7,0xF7fCCdFafD0f9f42d9606951B893a3AbAd4Cc959,119410.9,1684771200,1700672400,1,2,0,0
7,0x7AEf3d7BaFFF84eDadc678892AcDfd767d8C9041,90440.35,1684771200,1700672400,1,2,0,0
7,0x55a4a7f4F0095034C5135aF53Ab1d9dacC410f32,138056.8,1684771200,1700672400,1,2,0,0
7,0x3a13ADc4b102f20d920D902e735C951560579523,117415.9,1684771200,1700672400,1,2,0,0
7,0x4207df52F7fF229364899b21E9C4AD36D3D42981,71504.65,1684771200,1700672400,1,2,0,0
7,0x2F6b5d4C297552418449b23F088A12d82a2670f8,71285.2,1684771200,1700672400,1,2,0,0
7,0x20E926a654B7B2B97e7503d0f31c09c12ae1011A,133061.6,1684771200,1700672400,1,2,0,0
7,0x1f90ACb4Cdb238858C7347c9FbD8A1C44cAA7928,127341.2,1684771200,1700672400,1,2,0,0
7,0x0e3201bc8b904b36269eF61632B005EA53d10591,3549,1684771200,1700672400,1,2,0,0
7,0x40BAA42FFdDE33c400A7f1279A9327721Bd40a48,77887.6,1684771200,1700672400,1,2,0,0
7,0x4096B3426b98DF0675a05d045badbFBB7c6f6A75,125697.25,1684771200,1700672400,1,2,0,0
7,0x40491850d7F60E898164D3530389f48A69b6EdBD,89665.45,1684771200,1700672400,1,2,0,0
7,0xd6e9d9CF96C6BeC0Ac88eE00202aebDbd1fa3432,1774.5,1684771200,1700672400,1,2,0,0
7,0xFA5D456a91d9Ce59d3a11907b1aCdf15F1aAF707,112387.8,1684771200,1700672400,1,2,0,0
7,0x3e1536Fc83cD5bed83A521A26034fF3E59c6A7c4,104874.7,1684771200,1700672400,1,2,0,0
8,0x398bc98509CFc8Dd629607e51a29B4F844E5F90c,133457.8,1684771200,1700672400,1,2,0,0
8,0x068Cb87542736B049872B4Ef9ed7Ac9d07F31b41,28736.75,1684771200,1700672400,1,2,0,0
8,0x35F680599667bc92feF799C4B5Fc852e669929ad,118054.3,1684771200,1700672400,1,2,0,0
8,0x8F9c391B76CCdEd2106B4aF6fF9955a8653AAd8d,139102.6,1684771200,1700672400,1,2,0,0
8,0x345AB555BC92f046a0E20b2b5db884658e2824eA,120615.25,1684771200,1700672400,1,2,0,0
8,0x2ebEfb55CdA8c4c8171ddDf933E4c371086d7e89,48701.8,1684771200,1700672400,1,2,0,0
8,0x11a40C7E726e9b0a36762fF6C828dFA8505b51F1,117370.75,1684771200,1700672400,1,2,0,0
8,0x33AE029Da1e5654Ea5a13558f431D7E242ab6C88,105967.4,1684771200,1700672400,1,2,0,0
8,0x337b9A57187D7C80A7BA8F773512403a0EDcc14B,124705.35,1684771200,1700672400,1,2,0,0
8,0x0804389eD266B9Aa8c0D40831a5e7930d2180F7c,115936.45,1684771200,1700672400,1,2,0,0
8,0x787309A673ae0800BcD072DA7F258AdEFa3DEE65,42128.8,1684771200,1700672400,1,2,0,0
8,0x59bb0EaB47834e814AE8E3718B59E4A275a2F33b,127311.1,1684771200,1700672400,1,2,0,0
8,0x2F436140F505961cb63c8D327a7B281fC6000000,101951.85,1684771200,1700672400,1,2,0,0
8,0x9ee6999aeB0B38ec64029b19234b6E0b694B8931,118720,1684771200,1700672400,1,2,0,0
8,0x7cFad1Da21Ba2C1F256E67339300a2ec1b805EED,122822.35,1684771200,1700672400,1,2,0,0
8,0x29ED191612485ED6c73144dD14DBFab5BF96e4Ff,113704.15,1684771200,1700672400,1,2,0,0
8,0x29Ea3B83bAE44E774dcf4181dbE1D5687cF2775e,82740.7,1684771200,1700672400,1,2,0,0
8,0x006661814499FE0779FF46ee5d9d40A2c74eFA78,127909.6,1684771200,1700672400,1,2,0,0
8,0xBE211C00d18eBd99E1d0250114D460929658Fe34,115121.65,1684771200,1700672400,1,2,0,0
8,0x14e8C9537e9aE5197f87cBf93998EbE8CDC74759,149271.5,1684771200,1700672400,1,2,0,0
8,0x87d3Bcdbe54F3C3A65266E88B5C084110896C472,105944.65,1684771200,1700672400,1,2,0,0
8,0x69c9269220e7BC51C5128c2201DeaA7C700293cB,9782.5,1684771200,1700672400,1,2,0,0
8,0x01AD6182055DaEa73b5Bb4CD20d9b37DC53982BD,85440.95,1684771200,1700672400,1,2,0,0
8,0xad12d1F645b2dEd57285b569d4A1aC6Fc09BE3C2,106022.35,1684771200,1700672400,1,2,0,0
8,0xd8B6F241Cd5B05bcA24256B39a096b684572AC3F,109275.25,1684771200,1700672400,1,2,0,0
8,0x22923ceFE47eabE4CDEaC25410d6f4C0E6627dd0,82978.35,1684771200,1700672400,1,2,0,0
8,0x223260f3Ca014AdC40C98d50D5C4178657D53E26,185852.45,1684771200,1700672400,1,2,0,0
8,0xeE22EE448a3A2b6B8F01A45da1476E2d01e24F3a,14878.5,1684771200,1700672400,1,2,0,0
8,0x0d09C8413EF6fb0354964800882F5d26D8D140e5,148533.7,1684771200,1700672400,1,2,0,0
8,0x1eA4a8816817Ffaf9753e38B23e93DFa7A97b9a5,82447.54,1684771200,1700672400,1,2,0,0
8,0x1e6b5EBdd97aD37644B0D8E11AD55c48e6C38B43,129731.7,1684771200,1700672400,1,2,0,0
8,0xE70228CF30f716Fee32a62Ab6Ff7cc4FC9d3E2C7,124142.2,1684771200,1700672400,1,2,0,0
8,0xdC96BCC0940170E346fC80DbBBA7e5102AffDF28,126285.25,1684771200,1700672400,1,2,0,0
8,0xcC417f36EA07c10aa6aeb177a0F0330DE3e3f9F1,111969.55,1684771200,1700672400,1,2,0,0
8,0x1bAaf7076CF938cA7a511d97F1D903ae14255A0f,94867.08,1684771200,1700672400,1,2,0,0
8,0x15e9FbE0b4B4DAFF67414B4fACd362C584D1FaE2,90210.75,1684771200,1700672400,1,2,0,0
8,0xDEB712dB301285ed483Ef9e02DD08a1980F273f1,108192,1684771200,1700672400,1,2,0,0
8,0x5BF78501d19039beB9De0B31FcD79B44ff90b986,138332.81,1684771200,1700672400,1,2,0,0
8,0x42acb8367827edCF9B4744738DFaB08B964357F6,80804.5,1684771200,1700672400,1,2,0,0
8,0x8bFaE33bfb4366Ade0141E8bf819576421935bb5,53468.1,1684771200,1700672400,1,2,0,0
8,0x19330BDc3DD4AbF7Fd4268904EcF317154d5bD69,98052.5,1684771200,1700672400,1,2,0,0
8,0x4ae1A168fea7E6f63b7A64a7b751A9Ee6913B504,112959.7,1684771200,1700672400,1,2,0,0
9,0xC357236Ed6f97F3810127A345E084ba1f06aBAAf,61068,1684771200,1700672400,1,2,0,0
9,0x16E6722be866B664756e8Ba1f31c9Cb2B3EF4829,119694.4,1684771200,1700672400,1,2,0,0
9,0xFDeA75bA02D3010E0353C53DB4730ebB762131c0,76520.5,1684771200,1700672400,1,2,0,0
9,0x15c0268A7d64fF0Bfe88C23eAF715b29fb4f10E1,120920.8,1684771200,1700672400,1,2,0,0
9,0x0eF194b27585A1A89Db9C786839adaD4e11483C1,117918.85,1684771200,1700672400,1,2,0,0
9,0x10a814C8ecB36D0673EC30c00f1B262d58959655,21362.6,1684771200,1700672400,1,2,0,0
9,0xdAB8dBF4aF7b59196Cf43E615DF44Fc349e532bD,60028.5,1684771200,1700672400,1,2,0,0
9,0x0f02253f52dCc313d77b0e78C44e4d9a3503b50c,9646,1684771200,1700672400,1,2,0,0
9,0xCfCaa57EB940927838292D0C458a0B7caDdD3e47,7052.5,1684771200,1700672400,1,2,0,0
9,0x899484de61E74dffe1dE9Ff448f5De6d74189622,124155.85,1684771200,1700672400,1,2,0,0
9,0x0e12cF649E6d1FBBd5C6B1eb9AA834Ac7833F3D4,103937.4,1684771200,1700672400,1,2,0,0
9,0x644ACB33c49f420a2411cA02f1345410fF44A0ae,120530.2,1684771200,1700672400,1,2,0,0
9,0x0D9457b7d0210aCE8599959842220f5cA90DD02c,133917,1684771200,1700672400,1,2,0,0
9,0x0D129C4844a55D8227309F0567ED653A77bb27F8,37019.71,1684771200,1700672400,1,2,0,0
9,0x2CA928CF27277413f6d073B3a5C57eb701C99755,70440.3,1684771200,1700672400,1,2,0,0
9,0xA086e069FFdB2344A74838C5060DF9aAC37656A9,102060.7,1684771200,1700672400,1,2,0,0
9,0x70488CcB62C70Ee85C23DaDf8eb626cFc2B83e79,131251.75,1684771200,1700672400,1,2,0,0
9,0x09dc2843357FbdBEa7695813872c309bD611b560,94879.05,1684771200,1700672400,1,2,0,0
9,0x098D3B9D61DE50bD85059969D1b302047D0aC73a,11287.5,1684771200,1700672400,1,2,0,0
9,0xc68769ed177d31e5fc7ebE0834f1C4E8EF9A3aC7,56473.2,1684771200,1700672400,1,2,0,0
9,0x044eC2C6C6dd9CeAaAd223a2551395ec223A9997,83811.35,1684771200,1700672400,1,2,0,0
9,0x02F3FE5E132a7C054377E99e58a9c09b11770784,102425.4,1684771200,1700672400,1,2,0,0
9,0x02f2Bda0308b0480A4e693500A84C168Bc17Cc51,115669.54,1684771200,1700672400,1,2,0,0
9,0xcC767cC3BcD4226e7Cf94AdAC1b23243aB46f18D,29211,1684771200,1700672400,1,2,0,0
9,0x654cd96DE7402EA5099bd1196c41e73c38327bae,134039.15,1684771200,1700672400,1,2,0,0
9,0x0296c913025bd23172eF111a71bf3a941f1D6442,106428,1684771200,1700672400,1,2,0,0
9,0x0290711FC23E77dd53CC07b68142f86b36009B01,57128.4,1684771200,1700672400,1,2,0,0
9,0xa8Dd3808A55216F4aE13a725f0F2EdBC13A0Eb2d,98380.1,1684771200,1700672400,1,2,0,0
9,0x0d42D855554eA53592506Cc53ab8DF50DCA2B8C9,52985.1,1684771200,1700672400,1,2,0,0
9,0x667D94f38ec8fCfeF070BeFCCd3D8125F63F7526,83902,1684771200,1700672400,1,2,0,0
9,0x23aBFf7915235166Ac324F09Fa1d9d90B53702D6,109753,1684771200,1700672400,1,2,0,0
9,0x472f0249938feEAdd3a923c98b5bB6580EE0b6cd,136129,1684771200,1700672400,1,2,0,0
9,0x81DA405A765dFE0b36a0D00F06A381e274f2FF9f,35053.9,1684771200,1700672400,1,2,0,0
9,0xcA4ABCb510584695E834BcDE5E1E6401465443E4,8778,1684771200,1700672400,1,2,0,0
9,0x02D1d34c0338fA53661A1EFe3c3Db5E4C3bE38e4,38613.75,1684771200,1700672400,1,2,0,0
9,0x20596D350BcC01c997082455F02139Bd29C53eD4,25428.9,1684771200,1700672400,1,2,0,0
9,0x9373b8982D06b9B959E19845D5121Dbe85bFa407,31345.65,1684771200,1700672400,1,2,0,0
9,0x4faf0D5152C3f5895C3Fe2dEF82849b1Cc6141aB,23528.4,1684771200,1700672400,1,2,0,0
9,0x4D0bb3Adc65C58ca44844DAd6B7219f68595bB32,23405.55,1684771200,1700672400,1,2,0,0
9,0xD8db050016ac01B47e430ECC568A16919853dF54,21727.65,1684771200,1700672400,1,2,0,0
9,0x9794cb4414Edf677DF71d1d323f6821cB0fd64AC,15050.7,1684771200,1700672400,1,2,0,0
9,0x2F6bc580413bB7FD590BA992dC33F3F3E9FBc080,40011.3,1684771200,1700672400,1,2,0,0
10,0xd4053424bE3E5EF26da0Fd05Da41B5d903fC9394,29253,1684771200,1700672400,1,2,0,0
10,0x4b0603A10d6e218A75bc78C811EC589e37C7a444,14087.15,1684771200,1700672400,1,2,0,0
10,0xE6d1ef4059E5b2734a33f47A733833781a32Fd99,23651.25,1684771200,1700672400,1,2,0,0
10,0x5171F69332764105C4440BB10D18b8b804EA8c09,19370.05,1684771200,1700672400,1,2,0,0
10,0x68728b5c846CB24b6071e9fd1c3422d448E4f87D,20733.3,1684771200,1700672400,1,2,0,0
10,0x10Ace979CD91cBdFD6c5B35d788F560Ab6ff7377,37350.6,1684771200,1700672400,1,2,0,0
10,0xBD8A673B1F8Edcd3494B7734a1b182fD8a0779fB,27828.5,1684771200,1700672400,1,2,0,0
10,0xE81D5228Af421C6A307c1337b49F16B7CaA7fFAc,21236.25,1684771200,1700672400,1,2,0,0
10,0x8a529985Af430dA53A9a55476893525AA3Cf91A0,27149.15,1684771200,1700672400,1,2,0,0
10,0xf5Aed0afB716C73c8d0Bac1764BB575AC7d110FA,3880.1,1684771200,1700672400,1,2,0,0
10,0x42043217fe07149e5C46FCd3CD8E5b098FA49bE1,6734.7,1684771200,1700672400,1,2,0,0
10,0xB8C8D5Ca07C82e7E4c73f0cE93E2a7dD08956cb2,4630.5,1684771200,1700672400,1,2,0,0
10,0xA45d952415bFB965A34835364b45b0A1Cc1F29fB,7709.8,1684771200,1700672400,1,2,0,0
10,0x6edB12a33d550613BAa04A2408C58f9562F6C5E2,29011.15,1684771200,1700672400,1,2,0,0
10,0xaB270504787Da2A3543fcdf187DDCA5857Ac740D,25920.3,1684771200,1700672400,1,2,0,0
10,0x097FA8ABe56d69F95a8Fa9E2c6629275a4767Dcc,13637.4,1684771200,1700672400,1,2,0,0
10,0x0c8f3E3912F35a59ffddc9Ff1ABB8FafC89b29de,5621.7,1684771200,1700672400,1,2,0,0
10,0x298523fAA843CA40e83b7934170ca874a4FA1b04,15420.51,1684771200,1700672400,1,2,0,0
10,0x6232ec3F402102448D6712d51cFC19c7892A2424,15002.4,1684771200,1700672400,1,2,0,0
10,0x9BD48e08E3444B30113812acd52458b35C33803A,21945,1684771200,1700672400,1,2,0,0
10,0xa1e5E3C161Bceb944b655364a6848F47c6e93b56,15918,1684771200,1700672400,1,2,0,0
10,0xE0753F0cAF24DE3be0c86ab6044cd16EAE50c7f7,41052.9,1684771200,1700672400,1,2,0,0
10,0x349D39812A43D900349e8Cf8685cB18e9feb15b2,47560.8,1684771200,1700672400,1,2,0,0
10,0xDF8acAF0aC49f509AC08E1c661a7099480c990cA,4368,1684771200,1700672400,1,2,0,0
10,0x7453019b806919563EaC33870Fe5f8e5154fdF38,6006,1684771200,1700672400,1,2,0,0
10,0x876b074d21C808889DA18ab0F901EaD76a3D28Ae,1829.1,1684771200,1700672400,1,2,0,0
10,0x1b7ed0a1cEAe4819DE47D1b1e6Aff41327B45aeA,6552,1684771200,1700672400,1,2,0,0
10,0x92668bA72601aAe3FEf3A7aAe425489780ECDce2,8326.5,1684771200,1700672400,1,2,0,0
10,0x3eE2A011a6828d37a3c85062395D15c6484018b4,2730,1684771200,1700672400,1,2,0,0
10,0x39491f9dB94379AD5F258A7134296e21CF686631,273,1684771200,1700672400,1,2,0,0
10,0x51A51b84e9f48949589945e3fB6B97216e55a683,12831,1684771200,1700672400,1,2,0,0
10,0x0c77C848FEbD7CEe88B89E89975a5C45Eaf540dF,3003,1684771200,1700672400,1,2,0,0
10,0xc075cB4DbBC64983B8c0aA90A0C09e9cEB21f692,6006,1684771200,1700672400,1,2,0,0
10,0x250302de8C3A0443dffC8E25F5D5d276FF5CDE7f,3276,1684771200,1700672400,1,2,0,0
10,0x45BF6DAe3B1126fEf37a94E3806f5942DeFD6B77,10237.5,1684771200,1700672400,1,2,0,0
10,0x2D356311e835a40E59e3555Bd387f511Dcd67306,7098,1684771200,1700672400,1,2,0,0
10,0xcf6B3f0e803054F03c4FAa5434C2499B49167D5C,6552,1684771200,1700672400,1,2,0,0
10,0x7b06C5321aceC9F83F82c922a56924d603918112,8872.5,1684771200,1700672400,1,2,0,0
10,0x88b87f33ea057fAA7a706d3b29110405460f2928,5596.5,1684771200,1700672400,1,2,0,0
10,0xdF4E2Fe75748200bB6ed1DF171f08000249bb690,2730,1684771200,1700672400,1,2,0,0
10,0xe868bE65C50b61E81A3fC5cB5A7916090B05eb2A,6552,1684771200,1700672400,1,2,0,0
10,0x7378bC4eb1598B131355c7Ba363392848Eb9F333,1774.5,1684771200,1700672400,1,2,0,0
11,0x80F09FC25A07e367Cbe7DFcF41d2aC9705a1802b,2254.98,1684771200,1700672400,1,2,0,0
11,0x1E3148fFe875A1949437A6cEfC55E915bca99218,10237.5,1684771200,1700672400,1,2,0,0
11,0xDB7D1C96FCfFd3381E6a8b9F36aCB7AC76Ba1c42,7098,1684771200,1700672400,1,2,0,0
11,0x780949657226aC92dB302741EfACc6115bEe84ee,2866.5,1684771200,1700672400,1,2,0,0
11,0x7Cbf87929483EA1d339426Bd6325e150CDC935AD,3549,1684771200,1700672400,1,2,0,0
11,0xb16Ee2A981Cce4c4c075b2Bd9406d5074dA02727,2730,1684771200,1700672400,1,2,0,0